City_ID,City,Country,Date,Lat,Lng,Max Temp,Humidity,Cloudiness,Wind Speed
0,Mataura,NZ,2021-11-25 22:41,-46.1927,168.8643,56.26,81,100,3.27
1,Bluff,NZ,2021-11-25 22:41,-46.6,168.3333,50.68,91,100,13.15
2,Wodonga,AU,2021-11-25 22:41,-36.1167,146.8833,64.26,83,90,11.01
3,Zyryanovsk,KZ,2021-11-25 22:41,49.7386,84.2719,32.97,99,100,7.99
4,Porto Novo,BJ,2021-11-25 22:41,6.4965,2.6036,84.02,83,9,6.89
5,Verkhniye Kigi,RU,2021-11-25 22:41,55.4083,58.6044,19.4,93,100,10.36
6,Rikitea,PF,2021-11-25 22:41,-23.1203,-134.9692,76.57,75,8,10.76
7,Puerto Ayora,EC,2021-11-25 22:41,-0.7393,-90.3518,78.76,87,69,10
8,Lisakovsk,KZ,2021-11-25 22:41,52.5369,62.4936,16.38,90,94,12.91
9,Port Hardy,CA,2021-11-25 22:41,50.6996,-127.4199,46.58,100,90,8.05
10,Dikson,RU,2021-11-25 22:41,73.5069,80.5464,-3.42,95,100,3.09
11,Butaritari,KI,2021-11-25 22:41,3.0707,172.7902,82.72,72,89,16.46
12,Albany,US,2021-11-25 22:40,42.6001,-73.9662,41.74,68,100,1.95
13,Aklavik,CA,2021-11-25 22:41,68.2191,-135.0107,-5.8,77,90,10.36
14,Port Alfred,ZA,2021-11-25 22:41,-33.5906,26.891,64.22,73,100,22.5
15,Hasaki,JP,2021-11-25 22:39,35.7333,140.8333,43.2,56,0,5.06
16,Khatanga,RU,2021-11-25 22:41,71.9667,102.5,-12.95,99,99,3.62
17,New Norfolk,AU,2021-11-25 22:41,-42.7826,147.0587,55.71,51,25,1.99
18,Cherskiy,RU,2021-11-25 22:41,68.75,161.3,-26.63,100,100,4.07
19,Busselton,AU,2021-11-25 22:41,-33.65,115.3333,60.04,64,86,11.61
20,Atuona,PF,2021-11-25 22:41,-9.8,-139.0333,78.35,79,12,17.52
21,Jalu,LY,2021-11-25 22:41,29.0331,21.5482,69.67,28,1,13.11
22,Bafq,IR,2021-11-25 22:41,31.6128,55.4107,55.06,43,2,0.76
23,Sao Jose Da Coroa Grande,BR,2021-11-25 22:39,-8.8978,-35.1478,79,81,11,9.62
24,Padang,ID,2021-11-25 22:41,-0.9492,100.3543,77.56,83,68,4.54
25,Iqaluit,CA,2021-11-25 22:37,63.7506,-68.5145,24.53,68,40,9.22
26,Ginir,ET,2021-11-25 22:41,7.1333,40.7,57.11,41,22,5.93
27,Tuktoyaktuk,CA,2021-11-25 22:41,69.4541,-133.0374,-0.4,78,40,16.11
28,Husavik,IS,2021-11-25 22:41,66.0449,-17.3389,30.11,92,98,25.32
29,Klaksvik,FO,2021-11-25 22:42,62.2266,-6.589,40.12,71,85,38.12
30,Gmunden,AT,2021-11-25 22:42,47.9189,13.7975,34.29,75,87,1.68
31,Barrow,US,2021-11-25 22:42,71.2906,-156.7887,-9.38,70,20,11.5
32,Torbay,CA,2021-11-25 22:42,47.6666,-52.7314,51.28,99,90,16.11
33,Cape Town,ZA,2021-11-25 22:40,-33.9258,18.4232,67.1,57,0,16.11
34,Muros,ES,2021-11-25 22:42,42.7762,-9.0603,51.24,89,21,17.22
35,Hermanus,ZA,2021-11-25 22:42,-34.4187,19.2345,62.8,74,1,26.51
36,Djenne,ML,2021-11-25 22:42,13.9061,-4.5533,81.19,21,1,7.9
37,Banda Aceh,ID,2021-11-25 22:42,5.5577,95.3222,77.36,85,100,3.15
38,Kloulklubed,PW,2021-11-25 22:42,7.0419,134.2556,79.3,78,85,16.67
39,El Tigre,VE,2021-11-25 22:42,8.8875,-64.2454,82.81,59,99,6.91
40,Castro,BR,2021-11-25 22:42,-24.7911,-50.0119,70.39,61,86,3.29
41,Faya,SA,2021-11-25 22:42,18.3851,42.4509,55.51,78,26,1.77
42,Biak,ID,2021-11-25 22:42,-0.9131,122.8766,78.42,80,99,1.39
43,Kodiak,US,2021-11-25 22:42,57.79,-152.4072,18.91,53,1,27.63
44,Avarua,CK,2021-11-25 22:37,-21.2078,-159.775,82.45,83,4,8.05
45,Bethel,US,2021-11-25 22:42,41.3712,-73.414,52.48,46,90,0
46,Ancud,CL,2021-11-25 22:42,-41.8697,-73.8203,54.93,72,98,7.14
47,Cerknica,SI,2021-11-25 22:43,45.7931,14.3625,48.47,91,100,1.01
48,Hobart,AU,2021-11-25 22:40,-42.8794,147.3294,56.26,63,40,1.01
49,Ribeira Grande,PT,2021-11-25 22:43,38.5167,-28.7,63.21,67,80,22.37
50,Saint-Philippe,RE,2021-11-25 22:43,-21.3585,55.7679,78.39,82,52,3.36
51,Livramento,BR,2021-11-25 22:43,-3.0254,-60.1803,84.87,83,75,5.75
52,Sao Filipe,CV,2021-11-25 22:43,14.8961,-24.4956,78.26,74,69,7.54
53,Georgetown,MY,2021-11-25 22:43,5.4112,100.3354,76.98,93,40,0
54,Loukhi,RU,2021-11-25 22:43,66.0764,33.0381,23.41,86,100,11.65
55,Vaini,TO,2021-11-25 22:43,-21.2,-175.2,86.16,84,75,6.91
56,Saldanha,ZA,2021-11-25 22:39,-33.0117,17.9442,73.45,57,1,16.24
57,Tasiilaq,GL,2021-11-25 22:43,65.6145,-37.6368,26.76,56,9,9.69
58,Santa Cruz De La Palma,ES,2021-11-25 22:43,28.6835,-17.7642,68.14,83,75,13.8
59,Arraial Do Cabo,BR,2021-11-25 22:43,-22.9661,-42.0278,73.36,83,20,11.5
60,Hukuntsi,BW,2021-11-25 22:43,-24,21.75,78.62,17,27,16.44
61,Jamestown,US,2021-11-25 22:42,42.097,-79.2353,43.92,97,90,7
62,Petropavlovka,RU,2021-11-25 22:43,50.6114,105.3196,10.45,91,70,3.98
63,Lazaro Cardenas,MX,2021-11-25 22:43,17.9583,-102.2,81.54,72,1,6.91
64,Flinders,AU,2021-11-25 22:43,-34.5833,150.8552,64.8,90,100,8.99
65,Carnarvon,AU,2021-11-25 22:43,-24.8667,113.6333,64.47,68,0,6.91
66,Dingle,PH,2021-11-25 22:43,10.9995,122.6711,77.36,94,96,5.79
67,Chokurdakh,RU,2021-11-25 22:43,70.6333,147.9167,-30.68,100,28,3.98
68,Veraval,IN,2021-11-25 22:40,20.9,70.3667,76.1,35,73,7.92
69,Thompson,CA,2021-11-25 22:43,55.7435,-97.8558,-2.04,71,75,3.44
70,Knysna,ZA,2021-11-25 22:43,-34.0363,23.0471,59.38,81,95,12.95
71,Mar Del Plata,AR,2021-11-25 22:39,-38.0023,-57.5575,66.22,81,0,5.99
72,Hilo,US,2021-11-25 22:39,19.7297,-155.09,76.8,92,90,4.61
73,Severnoye,RU,2021-11-25 22:43,56.3491,78.3619,-2.31,99,71,6.67
74,Dicabisagan,PH,2021-11-25 22:43,17.0818,122.4157,76.05,90,100,1.52
75,Kavieng,PG,2021-11-25 22:43,-2.5744,150.7967,84.65,65,55,7.38
76,Souillac,MU,2021-11-25 22:43,-20.5167,57.5167,72.36,88,40,5.75
77,Luderitz,NA,2021-11-25 22:43,-26.6481,15.1594,58.86,93,6,3.15
78,Port Lincoln,AU,2021-11-25 22:43,-34.7333,135.8667,58.48,55,96,18.37
79,Paamiut,GL,2021-11-25 22:43,61.994,-49.6678,32.72,98,100,6.26
80,Columbia,US,2021-11-25 22:41,34.0007,-81.0348,63.88,53,1,5.75
81,Maningrida,AU,2021-11-25 22:43,-12.0667,134.2667,87.28,59,96,3.02
82,Newport,GB,2021-11-25 22:43,51.5877,-2.9984,45.86,83,96,10.69
83,Lusambo,CD,2021-11-25 22:43,-4.9667,23.45,68.85,100,100,0.67
84,Pampa,US,2021-11-25 22:43,35.5362,-100.9599,52.75,32,1,0
85,Bugulma,RU,2021-11-25 22:43,54.55,52.8,14.77,98,97,7.11
86,Ahipara,NZ,2021-11-25 22:43,-35.1667,173.1667,67.68,64,56,3.87
87,Avera,US,2021-11-25 22:43,33.194,-82.5271,64.27,67,69,7.61
88,Ushuaia,AR,2021-11-25 22:43,-54.8,-68.3,44.26,70,40,29.93
89,Yulara,AU,2021-11-25 22:43,-25.2406,130.9889,64.24,68,0,11.5
90,Airai,TL,2021-11-25 22:44,-8.9266,125.4092,67.24,82,70,0.56
91,Geraldton,AU,2021-11-25 22:44,-28.7667,114.6,75.13,30,0,9.22
92,San Patricio,US,2021-11-25 22:44,28.017,-97.5169,57.04,68,100,16.98
93,Punta Arenas,CL,2021-11-25 22:43,-53.15,-70.9167,50.11,50,40,27.63
94,Zemio,CF,2021-11-25 22:44,5.0314,25.1361,71.42,39,32,1.03
95,Tomatlan,MX,2021-11-25 22:44,19.9333,-105.25,82.78,46,64,3.58
96,Mahebourg,MU,2021-11-25 22:44,-20.4081,57.7,72.25,88,40,5.75
97,Sai Buri,TH,2021-11-25 22:44,6.7013,101.6168,74.71,95,100,5.95
98,Chifeng,CN,2021-11-25 22:44,42.2683,118.9636,24.35,63,0,5.32
99,Miri,MY,2021-11-25 22:44,4.4148,114.0089,75.34,94,40,3.44
100,Waupun,US,2021-11-25 22:44,43.6333,-88.7296,28.31,51,97,14.99
101,Ternate,ID,2021-11-25 22:44,0.8,127.4,79.9,82,100,4.21
102,Pemangkat,ID,2021-11-25 22:44,1.1667,108.9667,80.22,76,100,2.44
103,Luorong,CN,2021-11-25 22:44,24.4058,109.6086,52.57,70,9,4.56
104,Hithadhoo,MV,2021-11-25 22:44,-0.6,73.0833,81.27,71,99,15.99
105,Provideniya,RU,2021-11-25 22:44,64.3833,-173.3,3.31,60,75,4.47
106,Mount Gambier,AU,2021-11-25 22:44,-37.8333,140.7667,55.31,62,75,24.16
107,Prince Rupert,CA,2021-11-25 22:44,54.3161,-130.3201,48.29,76,90,13.8
108,Tottori,JP,2021-11-25 22:44,35.5,134.2333,48.27,87,75,3.44
109,Bambous Virieux,MU,2021-11-25 22:44,-20.3428,57.7575,72.21,88,40,5.75
110,Lompoc,US,2021-11-25 22:39,34.6391,-120.4579,77.14,31,1,13.8
111,Kapaa,US,2021-11-25 22:44,22.0752,-159.319,82.72,69,20,1.99
112,Yellowknife,CA,2021-11-25 22:44,62.456,-114.3525,11.41,91,90,13.8
113,Faanui,PF,2021-11-25 22:44,-16.4833,-151.75,82.24,74,7,18.12
114,Tiksi,RU,2021-11-25 22:44,71.6872,128.8694,0.3,82,100,5.32
115,Raudeberg,NO,2021-11-25 22:44,61.9875,5.1352,31.19,94,100,4
116,Clyde River,CA,2021-11-25 22:44,70.4692,-68.5914,-0.92,99,100,3.47
117,Taikang,CN,2021-11-25 22:44,46.8333,124.4167,12.42,85,29,5.84
118,Usinsk,RU,2021-11-25 22:44,65.9939,57.5281,-7.08,100,97,4.21
119,East London,ZA,2021-11-25 22:44,-33.0153,27.9116,63.45,78,100,16.31
120,Buenos Aires,AR,2021-11-25 22:40,-34.6132,-58.3772,71.33,76,75,10.36
121,Mingguang,CN,2021-11-25 22:44,32.7802,117.9638,45.39,67,0,4.43
122,Qaqortoq,GL,2021-11-25 22:44,60.7167,-46.0333,34.3,99,100,7.52
123,Huarmey,PE,2021-11-25 22:44,-10.0681,-78.1522,68.7,81,81,8.93
124,Alofi,NU,2021-11-25 22:44,-19.0595,-169.9187,76.89,75,75,8.05
125,Harper,LR,2021-11-25 22:44,4.375,-7.7169,80.13,83,62,8.61
126,Ranong,TH,2021-11-25 22:40,9.9658,98.6348,75.15,91,99,4.34
127,Saint-Pierre,RE,2021-11-25 22:44,-21.3393,55.4781,78.48,67,90,1.14
128,Cidreira,BR,2021-11-25 22:44,-30.1811,-50.2056,69.58,98,100,2.26
129,Constitucion,CL,2021-11-25 22:44,-35.3333,-72.4167,61.83,67,7,15.82
130,Bud,US,2021-11-25 22:44,39.447,-86.1758,41.31,90,100,15.1
131,Wagar,SD,2021-11-25 22:44,16.1525,36.2032,75.33,71,0,12.48
132,Bathsheba,BB,2021-11-25 22:44,13.2167,-59.5167,77.61,88,40,6.91
133,Labuhan,ID,2021-11-25 22:44,-6.8844,112.2051,79.29,82,100,6.46
134,Chernaya Kholunitsa,RU,2021-11-25 22:45,58.8511,51.7154,11.26,98,100,5.28
135,Fairbanks,US,2021-11-25 22:40,64.8378,-147.7164,-3.77,71,1,0
136,Hervey Bay,AU,2021-11-25 22:45,-25.2986,152.8535,79.03,93,98,5.99
137,Troitsko-Pechorsk,RU,2021-11-25 22:45,62.7084,56.1964,1.96,99,97,3.91
138,Devonport,AU,2021-11-25 22:45,-41.1667,146.35,57.09,53,93,10.96
139,Acari,PE,2021-11-25 22:45,-15.4311,-74.6158,70.57,73,96,5.28
140,Broken Hill,AU,2021-11-25 22:45,-31.95,141.4333,53.31,82,90,26.46
141,Saskylakh,RU,2021-11-25 22:45,71.9167,114.0833,-12.19,97,60,8.3
142,Baker City,US,2021-11-25 22:41,44.7749,-117.8344,45.82,52,75,19.57
143,Leningradskiy,RU,2021-11-25 22:45,69.3833,178.4167,-23.71,96,99,4.94
144,Kruisfontein,ZA,2021-11-25 22:45,-34.0033,24.7314,61.88,80,100,17.49
145,New Port Richey,US,2021-11-25 22:45,28.2442,-82.7193,74.05,70,49,1.01
146,Yeppoon,AU,2021-11-25 22:45,-23.1333,150.7333,78.58,70,100,7.29
147,Nantucket,US,2021-11-25 22:44,41.2835,-70.0995,50.09,78,87,15.21
148,Bullhead City,US,2021-11-25 22:45,35.1478,-114.5683,72.66,14,1,29.93
149,Hay River,CA,2021-11-25 22:42,60.8156,-115.7999,12.18,85,90,3.44
150,Uruguaiana,BR,2021-11-25 22:42,-29.7547,-57.0883,82.33,74,0,23.02
151,Karratha,AU,2021-11-25 22:45,-20.7377,116.8463,83.75,24,73,18.7
152,La Ronge,CA,2021-11-25 22:45,55.1001,-105.2842,16.05,79,90,9.22
153,Qui Nhon,VN,2021-11-25 22:42,13.7667,109.2333,73.45,86,100,16.42
154,Wanning,CN,2021-11-25 22:45,18.8003,110.3967,64.49,77,14,8.66
155,Taoudenni,ML,2021-11-25 22:45,22.6783,-3.9836,78.33,31,83,8.43
156,Lebedinyy,RU,2021-11-25 22:45,58.5167,125.5167,-0.74,83,79,6.89
157,Port Elizabeth,ZA,2021-11-25 22:45,-33.918,25.5701,64.09,82,90,19.57
158,Touros,BR,2021-11-25 22:45,-5.1989,-35.4608,81.5,78,38,12.39
159,Sitka,US,2021-11-25 22:45,57.0531,-135.33,39.09,87,90,17.27
160,Algiers,DZ,2021-11-25 22:44,36.7525,3.042,53.42,67,20,9.22
161,Scarborough,GB,2021-11-25 22:45,54.2797,-0.4044,39.07,79,97,3
162,Santarem,BR,2021-11-25 22:45,-2.4431,-54.7083,82.53,83,75,3.44
163,Correntina,BR,2021-11-25 22:45,-13.3433,-44.6367,74.26,44,95,3.53
164,Nhulunbuy,AU,2021-11-25 22:45,-12.2333,136.7667,86.61,70,99,4.61
165,Kaitangata,NZ,2021-11-25 22:45,-46.2817,169.8464,57.07,69,100,2.59
166,Kahului,US,2021-11-25 22:45,20.8947,-156.47,84.22,70,40,20.71
167,Soskovo,RU,2021-11-25 22:45,52.7475,35.3828,29.66,85,25,16.06
168,Methoni,GR,2021-11-25 22:45,36.8197,21.7049,58.21,76,90,21.16
169,Bredasdorp,ZA,2021-11-25 22:45,-34.5322,20.0403,62.28,75,23,25.64
170,Katsuura,JP,2021-11-25 22:45,35.1333,140.3,54.1,61,0,8.16
171,Ust-Uda,RU,2021-11-25 22:45,54.1742,103.0304,22.12,86,99,7
172,Ilulissat,GL,2021-11-25 22:42,69.2167,-51.1,24.82,58,99,12.66
173,Lixourion,GR,2021-11-25 22:45,38.2019,20.4314,60.66,81,100,24.61
174,Vila Franca Do Campo,PT,2021-11-25 22:45,37.7167,-25.4333,60.19,73,76,15.9
175,Calawag,PH,2021-11-25 22:45,10.6697,119.5707,76.89,94,100,4.21
176,Udachnyy,RU,2021-11-25 22:45,66.4167,112.4,-4.72,98,100,5.99
177,Rundu,NA,2021-11-25 22:45,-17.9333,19.7667,72.46,51,48,4.47
178,Hami,CN,2021-11-25 22:45,42.8,93.45,26.62,61,0,3.44
179,Rawson,AR,2021-11-25 22:45,-43.3002,-65.1023,61.27,60,15,13.33
180,Port Augusta,AU,2021-11-25 22:45,-32.5,137.7667,61.7,61,0,24.07
181,Honningsvag,NO,2021-11-25 22:46,70.9821,25.9704,26.1,58,100,11.21
182,Sholokhove,UA,2021-11-25 22:46,47.6945,34.0312,33.06,87,6,9.69
183,Berlevag,NO,2021-11-25 22:46,70.8578,29.0864,15.6,68,100,11.21
184,Lagoa,PT,2021-11-25 22:46,39.05,-27.9833,61.84,68,66,31.03
185,Ballina,AU,2021-11-25 22:46,-28.8667,153.5667,75.78,81,99,14.43
186,Riyadh,SA,2021-11-25 22:46,24.6877,46.7219,62.74,38,0,7.85
187,Upernavik,GL,2021-11-25 22:46,72.7868,-56.1549,22.37,76,100,10.4
188,Hambantota,LK,2021-11-25 22:45,6.1241,81.1185,76.68,88,89,8.39
189,Cherepanovo,RU,2021-11-25 22:46,54.2222,83.381,4.48,97,98,9.33
190,Bengkulu,ID,2021-11-25 22:46,-3.8004,102.2655,76.51,84,85,3.42
191,Nouadhibou,MR,2021-11-25 22:46,20.931,-17.0347,76.98,61,14,10.36
192,Sitges,ES,2021-11-25 22:46,41.2351,1.8119,51.39,75,58,5.55
193,Merauke,ID,2021-11-25 22:46,-8.4667,140.3333,82.72,70,85,5.82
194,Margate,GB,2021-11-25 22:46,51.3813,1.3862,38.3,84,99,15.08
195,Pacific Grove,US,2021-11-25 22:45,36.6177,-121.9166,76.6,39,1,1.99
196,Sibenik,HR,2021-11-25 22:46,43.7272,15.9058,60.46,86,100,1.99
197,Pevek,RU,2021-11-25 22:47,69.7008,170.3133,-14.03,100,100,1.63
198,Namatanai,PG,2021-11-25 22:47,-3.6667,152.4333,84.49,66,53,3.44
199,Nikolskoye,RU,2021-11-25 22:47,59.7035,30.7861,41.02,96,100,12.86
200,Gold Coast,AU,2021-11-25 22:45,-28,153.4333,76.24,95,90,1.01
201,Cascais,PT,2021-11-25 22:42,38.6979,-9.4215,51.51,72,27,8.01
202,Caravelas,BR,2021-11-25 22:47,-17.7125,-39.2481,72.37,78,0,6.67
203,Te Anau,NZ,2021-11-25 22:47,-45.4167,167.7167,53.58,92,100,4.97
204,Mehamn,NO,2021-11-25 22:47,71.0357,27.8492,19.35,70,100,10.11
205,Pochutla,MX,2021-11-25 22:47,15.7432,-96.4661,85.82,62,41,4.59
206,Visby,SE,2021-11-25 22:46,57.6409,18.296,39.85,93,90,11.5
207,Dwarka,IN,2021-11-25 22:47,22.2394,68.9678,75.6,63,1,6.26
208,Voyvozh,RU,2021-11-25 22:47,62.892,54.9635,1.24,100,100,3.71
209,Byron Bay,AU,2021-11-25 22:47,-28.65,153.6167,77.05,83,97,14.76
210,Mineros,BO,2021-11-25 22:47,-17.1167,-63.2333,83.79,87,99,5.91
211,Fortuna,US,2021-11-25 22:47,40.5982,-124.1573,61.93,67,1,0
212,Diriamba,NI,2021-11-25 22:47,11.8584,-86.2388,83.48,69,25,7.9
213,Craig,US,2021-11-25 22:45,40.5153,-107.5464,43.56,28,1,5.75
214,Chegdomyn,RU,2021-11-25 22:47,51.1167,133.0167,3.45,98,100,1.03
215,Alice Springs,AU,2021-11-25 22:42,-23.7,133.8833,65.75,72,75,12.66
216,Nishihara,JP,2021-11-25 22:47,26.1842,127.7558,67.28,64,75,10.36
217,Nangong,CN,2021-11-25 22:47,37.3581,115.3744,39.11,56,0,5.19
218,High Level,CA,2021-11-25 22:47,58.5169,-117.136,19.51,93,90,4.61
219,Sibolga,ID,2021-11-25 22:47,1.7427,98.7792,75.83,90,100,2.89
220,San Cristobal,VE,2021-11-25 22:47,7.7669,-72.225,66.76,98,97,2.28
221,Savalou,BJ,2021-11-25 22:47,7.9281,1.9756,80.98,72,30,6.96
222,Tianmen,CN,2021-11-25 22:47,30.6516,113.1603,51.08,53,2,4.07
223,Bela Vista,BR,2021-11-25 22:47,-22.1089,-56.5211,79.66,72,89,6.15
224,Atasu,KZ,2021-11-25 22:47,48.6814,71.6433,8.53,93,7,3.13
225,Adre,TD,2021-11-25 22:47,13.4667,22.2,67.75,12,1,13.29
226,Tommot,RU,2021-11-25 22:48,58.9564,126.2925,-12.71,99,37,1.48
227,Suez,EG,2021-11-25 22:43,29.9737,32.5263,64.44,77,59,7.99
228,Paita,PE,2021-11-25 22:48,-5.0892,-81.1144,73.96,83,73,16.02
229,Cedar City,US,2021-11-25 22:48,37.6775,-113.0619,43.77,26,1,3.44
230,Qaanaaq,GL,2021-11-25 22:48,77.484,-69.3632,-3.06,78,100,6.02
231,Sidi Ali,DZ,2021-11-25 22:48,36.0998,0.4206,53.76,75,5,13.02
232,Fulton,US,2021-11-25 22:48,33.7668,-84.4499,62.92,61,1,4.61
233,Necochea,AR,2021-11-25 22:48,-38.5473,-58.7368,68.04,62,47,11.92
234,Warwick,US,2021-11-25 22:48,41.7001,-71.4162,49.89,62,95,5.91
235,Petropavlovsk-Kamchatskiy,RU,2021-11-25 22:48,53.0452,158.6483,32.59,75,75,6.71
236,Zhezkazgan,KZ,2021-11-25 22:48,47.8043,67.7144,19.99,71,24,6.06
237,Lindenberg,DE,2021-11-25 22:48,49.3803,8.0986,36.37,82,98,2.15
238,Turkistan,KZ,2021-11-25 22:48,43,68,29.25,74,88,7.65
239,Dodge City,US,2021-11-25 22:44,37.7528,-100.0171,53.11,37,1,4
240,Saryozek,KZ,2021-11-25 22:45,44.3583,77.9753,37.53,95,100,10.71
241,Hamilton,US,2021-11-25 22:48,39.1834,-84.5333,47.12,90,90,1.99
242,Senanga,ZM,2021-11-25 22:48,-16.1167,23.2667,74.59,55,88,6.04
243,Beyneu,KZ,2021-11-25 22:47,45.3167,55.2,26.29,36,0,6.06
244,Arona,ES,2021-11-25 22:48,28.0996,-16.681,59.52,66,20,10.36
245,Chapais,CA,2021-11-25 22:47,49.7834,-74.8492,28.18,99,100,1.41
246,Lodja,CD,2021-11-25 22:48,-3.4833,23.4333,68.83,99,96,1.92
247,Dali,CN,2021-11-25 22:48,25.7,100.1833,40.87,86,0,1.34
248,Jutai,BR,2021-11-25 22:48,-5.1833,-68.9,75.18,97,65,2.68
249,Afyonkarahisar,TR,2021-11-25 22:48,38.75,30.6667,41.16,86,29,3.49
250,Mount Pleasant,US,2021-11-25 22:45,32.7941,-79.8626,57.99,74,1,3
251,Coffeyville,US,2021-11-25 22:44,37.0373,-95.6164,48.06,43,1,12.66
252,Yerbogachen,RU,2021-11-25 22:48,61.2767,108.0108,11.23,97,100,3.31
253,Davidson,US,2021-11-25 22:48,36.1501,-86.7833,51.39,88,90,1.99
254,Kostalexis,GR,2021-11-25 22:48,38.8579,22.3646,55.08,100,68,2.91
255,Khani,GE,2021-11-25 22:48,41.9563,42.9566,40.57,88,100,4.76
256,Sackville,CA,2021-11-25 22:48,45.9188,-64.3846,42.82,97,100,12.3
257,Oussouye,SN,2021-11-25 22:48,12.485,-16.5469,78.98,78,98,6.46
258,Eirunepe,BR,2021-11-25 22:48,-6.6603,-69.8736,75.99,92,94,1.41
259,Naze,JP,2021-11-25 22:48,28.3667,129.4833,56.32,63,100,6.82
260,Salinopolis,BR,2021-11-25 22:48,-0.6136,-47.3561,80.82,80,100,8.39
261,Quibor,VE,2021-11-25 22:48,9.9287,-69.6201,79.77,87,90,4.54
262,Merksplas,BE,2021-11-25 22:48,51.3589,4.8627,43.68,94,72,1.99
263,Tricase,IT,2021-11-25 22:48,39.9304,18.3553,61.32,91,100,35.23
264,Weligama,LK,2021-11-25 22:44,5.9667,80.4167,75.83,91,89,8.3
265,San Jeronimo,PE,2021-11-25 22:48,-11.9472,-75.2829,54.39,78,100,3.96
266,San Jose,US,2021-11-25 22:46,37.3394,-121.895,72.5,35,75,4.61
267,Xinyu,CN,2021-11-25 22:48,27.8043,114.9334,46.99,71,0,2.04
268,Grand Gaube,MU,2021-11-25 22:48,-20.0064,57.6608,72.37,80,0,3.94
269,Trinidad,BO,2021-11-25 22:48,-14.8333,-64.9,85.98,74,75,3.83
270,Cayenne,GF,2021-11-25 22:49,4.9333,-52.3333,81.09,84,0,1.99
271,Vanavara,RU,2021-11-25 22:49,60.34,102.2797,6.22,99,100,2.71
272,Bilma,NE,2021-11-25 22:49,18.6853,12.9164,75.9,18,0,7.02
273,Herat,AF,2021-11-25 22:49,34.5,62,42.39,79,45,10.38
274,Suicheng,CN,2021-11-25 22:49,33.8963,117.9331,42.58,66,0,5.19
275,Gazojak,TM,2021-11-25 22:49,41.1875,61.4036,28.53,80,49,8.66
276,Dessau,DE,2021-11-25 22:49,51.8386,12.2456,40.91,81,88,3
277,Bria,CF,2021-11-25 22:49,6.5423,21.9863,70.63,42,7,1.72
278,Kamakwie,SL,2021-11-25 22:49,9.5,-12.2333,74.52,54,21,2.62
279,Kayes,ML,2021-11-25 22:49,14,-11,85.77,19,62,3.11
280,Nemuro,JP,2021-11-25 22:49,43.3236,145.575,36.28,61,1,19.91
281,Laguna,US,2021-11-25 22:49,38.421,-121.4238,66.42,59,1,1.01
282,Solnechnyy,RU,2021-11-25 22:49,50.7214,136.6319,24.89,94,100,9.15
283,Dera Bugti,PK,2021-11-25 22:49,29.0307,69.151,62.06,22,0,3.98
284,Cabo San Lucas,MX,2021-11-25 22:46,22.8909,-109.9124,80.62,69,75,6.91
285,Kisaran,ID,2021-11-25 22:49,2.9845,99.6158,73.35,98,100,3.8
286,Kichmengskiy Gorodok,RU,2021-11-25 22:49,59.9816,45.7854,24.04,94,100,12.24
287,Lumut,MY,2021-11-25 22:49,4.2323,100.6298,75.56,94,40,0
288,Meulaboh,ID,2021-11-25 22:47,4.1363,96.1285,76.06,88,100,5.39
289,Ostrovnoy,RU,2021-11-25 22:49,68.0531,39.5131,22.51,63,100,6.91
290,Longyearbyen,SJ,2021-11-25 22:49,78.2186,15.6401,12.04,52,40,19.57
291,Salalah,OM,2021-11-25 22:49,17.0151,54.0924,78.89,53,0,1.14
292,Oistins,BB,2021-11-25 22:45,13.0667,-59.5333,77.09,88,40,6.91
293,Isangel,VU,2021-11-25 22:49,-19.55,169.2667,84.31,74,75,5.75
294,Dunedin,NZ,2021-11-25 22:46,-45.8742,170.5036,58.77,63,100,5.82
295,Saint Anthony,US,2021-11-25 22:45,45.0205,-93.218,22.55,45,1,1.01
296,Karasjok,NO,2021-11-25 22:49,69.4719,25.5112,-0.29,95,100,3.36
297,Kenai,US,2021-11-25 22:49,60.5544,-151.2583,20.03,87,90,6.91
298,Hobro,DK,2021-11-25 22:49,56.6431,9.7903,38.95,93,100,7.52
299,Yagodnoye,RU,2021-11-25 22:49,62.55,149.6667,-31.02,100,55,3.15
300,Sal Rei,CV,2021-11-25 22:49,16.1833,-22.9167,75.76,81,80,13.35
301,Portland,US,2021-11-25 22:48,45.5234,-122.6762,58.5,67,75,1.01
302,Antofagasta,CL,2021-11-25 22:49,-23.65,-70.4,63.68,78,17,5.88
303,Machali,CL,2021-11-25 22:49,-34.1833,-70.6667,83.48,26,0,10.36
304,Durazno,UY,2021-11-25 22:49,-33.4131,-56.5006,64.09,97,92,10.16
305,Yacuiba,BO,2021-11-25 22:49,-22.038,-63.6797,73.76,92,80,5.57
306,Barmer,IN,2021-11-25 22:49,25.75,71.3833,67.86,21,0,3.74
307,Tarabha,IN,2021-11-25 22:49,20.7333,83.65,65.07,76,62,1.3
308,Salmon Arm,CA,2021-11-25 22:45,50.6998,-119.3024,42.57,86,100,2.3
309,Hailun,CN,2021-11-25 22:49,47.45,126.9333,-5.37,100,100,2.71
310,Lebu,CL,2021-11-25 22:49,-37.6167,-73.65,57.09,88,22,13.78
311,Forbes,AU,2021-11-25 22:49,-33.3833,148.0167,73.92,84,100,6.46
312,Jiaozuo,CN,2021-11-25 22:49,35.2397,113.2331,45.64,34,0,2.21
313,Cornwall,CA,2021-11-25 22:49,45.0181,-74.7281,42.04,81,90,5.75
314,Port Shepstone,ZA,2021-11-25 22:49,-30.7414,30.455,64.96,73,100,8.5
315,Vicuna,CL,2021-11-25 22:50,-30.0319,-70.7081,53.33,39,0,4.85
316,Opuwo,NA,2021-11-25 22:50,-18.0607,13.84,69.35,16,3,14.12
317,Peterhead,GB,2021-11-25 22:50,57.5058,-1.7981,41.11,75,100,17.56
318,Port Hedland,AU,2021-11-25 22:50,-20.3167,118.5667,78.85,41,38,6.91
319,Saint George,US,2021-11-25 22:50,37.1041,-113.5841,60.44,19,1,1.99
320,Dallas,US,2021-11-25 22:48,32.7668,-96.7836,58.15,37,75,1.99
321,Eyl,SO,2021-11-25 22:50,7.9803,49.8164,78.21,82,31,18.52
322,Tongliao,CN,2021-11-25 22:50,43.6125,122.2653,4.73,93,13,4.07
323,Aquiraz,BR,2021-11-25 22:50,-3.9014,-38.3911,84.22,69,45,10.02
324,Birao,CF,2021-11-25 22:50,10.2849,22.7882,69.76,23,18,6.17
325,San Luis,AR,2021-11-25 22:50,-33.295,-66.3356,72.97,31,0,11.05
326,Namtsy,RU,2021-11-25 22:50,62.7161,129.6658,-12.89,99,96,1.66
327,Beringovskiy,RU,2021-11-25 22:50,63.05,179.3167,-1.93,93,100,10.8
328,Victoria,HK,2021-11-25 22:48,22.2855,114.1577,68.32,68,9,6.69
329,Hun,LY,2021-11-25 22:50,29.1268,15.9477,72.54,28,2,8.79
330,Vangaindrano,MG,2021-11-25 22:50,-23.35,47.6,70.59,71,100,9.53
331,Skegness,GB,2021-11-25 22:50,53.1436,0.3363,39.58,70,100,14.36
332,Jiexiu,CN,2021-11-25 22:50,37.0244,111.9125,38.01,37,1,2.44
333,Maine-Soroa,NE,2021-11-25 22:50,13.2114,12.0241,75.04,22,23,8.77
334,Juybar,IR,2021-11-25 22:50,36.6412,52.9124,51.98,88,90,2.86
335,Moerai,PF,2021-11-25 22:50,-22.4333,-151.3333,77.27,83,14,7.72
336,Camacha,PT,2021-11-25 22:50,33.0833,-16.3333,60.22,63,75,10.36
337,Altar,MX,2021-11-25 22:50,30.7,-111.8167,74.35,31,82,7.58
338,Norman Wells,CA,2021-11-25 22:50,65.282,-126.8329,-16.56,69,90,8.05
339,Oranjemund,NA,2021-11-25 22:50,-28.55,16.4333,62.02,86,55,9.78
340,Chumikan,RU,2021-11-25 22:50,54.7183,135.315,7.2,93,92,7.4
341,Porangatu,BR,2021-11-25 22:50,-13.4408,-49.1486,76.93,64,100,1.45
342,Gunnedah,AU,2021-11-25 22:50,-30.9833,150.25,69.42,79,76,3.78
343,Neiafu,TO,2021-11-25 22:50,-18.65,-173.9833,86.68,70,75,4.61
344,Namibe,AO,2021-11-25 22:50,-15.1961,12.1522,67.42,72,25,5.68
345,Adrar,MR,2021-11-25 22:50,20.5022,-10.0711,77.2,30,94,4.81
346,Lakewood,US,2021-11-25 22:50,39.7047,-105.0814,59.13,17,4,7
347,Chicama,PE,2021-11-25 22:50,-7.8447,-79.1469,64.94,77,78,7.56
348,San Ramon,US,2021-11-25 22:46,37.7799,-121.978,68.02,56,1,1.01
349,Gorontalo,ID,2021-11-25 22:50,0.5412,123.0595,78.06,92,98,2.75
350,Fasa,IR,2021-11-25 22:50,28.9383,53.6482,42.04,39,0,0
351,Chiang Khong,TH,2021-11-25 22:50,20.2613,100.4046,71.92,99,77,1.66
352,Asau,RO,2021-11-25 22:47,46.4333,26.4,33.76,73,1,6.13
353,Mugur-Aksy,RU,2021-11-25 22:50,50.35,90.5,14,88,44,10.65
354,Kongolo,CD,2021-11-25 22:50,-5.3833,27,69.67,98,100,1.21
355,Deep River,CA,2021-11-25 22:50,46.1001,-77.4995,37.44,99,100,3
356,Bandarbeyla,SO,2021-11-25 22:50,9.4942,50.8122,78.89,79,59,15.17
357,Olafsvik,IS,2021-11-25 22:51,64.8945,-23.7142,31.03,67,27,14.99
358,Liaocheng,CN,2021-11-25 22:51,36.4439,115.9647,40.1,57,0,6.46
359,Lac Du Bonnet,CA,2021-11-25 22:51,50.2536,-96.0612,8.58,91,59,3.65
360,Shimoda,JP,2021-11-25 22:51,34.6667,138.95,55.11,62,0,18.25
361,Buraydah,SA,2021-11-25 22:51,26.326,43.975,66.65,33,0,11.14
362,Quatre Cocos,MU,2021-11-25 22:51,-20.2078,57.7625,72.09,75,0,2.04
363,Los Llanos De Aridane,ES,2021-11-25 22:51,28.6585,-17.9182,64.15,91,75,5.01
364,Ukiah,US,2021-11-25 22:51,39.1502,-123.2078,68.38,34,1,0
365,Muisne,EC,2021-11-25 22:52,0.6,-80.0333,80.71,81,100,10.33
366,Kutum,SD,2021-11-25 22:52,14.2,24.6667,60.89,16,1,8.28
367,Terney,RU,2021-11-25 22:52,45.0503,136.6092,22.46,70,44,13.15
368,Kalamazoo,US,2021-11-25 22:51,42.2506,-85.55,39.65,83,90,13.8
369,Benguela,AO,2021-11-25 22:49,-12.5763,13.4055,75.83,73,100,2.66
370,Grindavik,IS,2021-11-25 22:52,63.8424,-22.4338,31.95,69,20,20.71
371,Saint-Joseph,RE,2021-11-25 22:52,-21.3667,55.6167,77.38,83,27,1.66
372,Wattegama,LK,2021-11-25 22:52,6.7989,81.4808,73.13,95,98,1.52
373,Sevsk,RU,2021-11-25 22:52,52.1491,34.4926,29.88,85,9,15.03
374,Fukue,JP,2021-11-25 22:52,32.6881,128.8419,58.48,58,2,15.08
375,Zhaotong,CN,2021-11-25 22:52,27.3167,103.7167,39.43,96,100,5.93
376,Coruripe,BR,2021-11-25 22:52,-10.1256,-36.1756,78.57,83,41,8.19
377,Corinto,GR,2021-11-25 22:52,37.9407,22.9573,56.89,76,70,5.37
378,Olinda,BR,2021-11-25 22:50,-8.0089,-34.8553,82.13,74,40,5.75
379,Conde,BR,2021-11-25 22:52,-7.2597,-34.9075,80.06,83,20,9.22
380,Sassandra,CI,2021-11-25 22:52,4.95,-6.0833,79.5,87,21,7.61
381,Huangzhou,CN,2021-11-25 22:52,30.45,114.8,46.58,57,0,3.15
382,Malartic,CA,2021-11-25 22:52,48.1335,-78.1328,32.11,96,100,8.48
383,Oxbow,CA,2021-11-25 22:52,49.2333,-102.1676,30.15,85,100,12.26
384,Copiapo,CL,2021-11-25 22:52,-27.3667,-70.3333,58.69,46,0,5.99
385,Gouyave,GD,2021-11-25 22:52,12.1646,-61.7296,81.37,83,20,2.3
386,Methala,IN,2021-11-25 22:52,10.2166,76.2166,73.4,97,100,2.98
387,Omboue,GA,2021-11-25 22:52,-1.5746,9.2618,77.41,90,95,4.09
388,Srednekolymsk,RU,2021-11-25 22:52,67.45,153.6833,-34.42,100,19,2.21
389,Genhe,CN,2021-11-25 22:52,50.7833,121.5167,3.7,95,100,2.51
390,San Lorenzo,PY,2021-11-25 22:52,-25.3333,-57.5333,77.94,94,75,8.99
391,Kushmurun,KZ,2021-11-25 22:52,52.4503,64.6311,16.38,91,100,14.63
392,Longyan,CN,2021-11-25 22:52,25.1072,117.0225,52.34,71,0,3.94
393,Osoyoos,CA,2021-11-25 22:52,49.0331,-119.4524,45.36,70,100,9.22
394,Chuy,UY,2021-11-25 22:52,-33.6971,-53.4616,65.07,92,99,2.51
395,Buy,RU,2021-11-25 22:52,58.4786,41.53,34.79,94,100,15.28
396,Sibu,MY,2021-11-25 22:52,2.3,111.8167,75.51,100,40,1.01
397,Cabedelo,BR,2021-11-25 22:52,-6.9811,-34.8339,81.27,76,29,11.16
398,Lavrentiya,RU,2021-11-25 22:52,65.5833,-171,-6.38,88,7,8.84
399,Dromolaxia,CY,2021-11-25 22:52,34.8761,33.586,58.87,88,0,2.3
400,Ponta Delgada,PT,2021-11-25 22:52,37.7333,-25.6667,60.49,77,20,14.97
401,Filingue,NE,2021-11-25 22:52,14.3521,3.3168,83.55,15,0,9.19
402,Cordoba,AR,2021-11-25 22:52,-31.4135,-64.1811,83.25,24,0,14.97
403,Mabaruma,GY,2021-11-25 22:52,8.2,-59.7833,75.4,95,100,3.71
404,Kalyani,IN,2021-11-25 22:52,22.9833,88.4833,69.71,60,0,3.74
405,Batagay,RU,2021-11-25 22:53,67.6333,134.6333,-36.6,98,79,2.64
406,Broome,US,2021-11-25 22:53,42.2506,-75.833,44.67,76,100,1.01
407,Rangapara,IN,2021-11-25 22:53,26.8167,92.65,58.42,75,34,4.63
408,Sheridan,US,2021-11-25 22:53,44.8333,-106.9173,52.92,34,29,4.05
409,Buchanan,LR,2021-11-25 22:53,5.8808,-10.0467,80.38,82,38,6.11
410,Almenara,BR,2021-11-25 22:53,-16.1836,-40.6944,72.05,76,53,2.1
411,Vila Velha,BR,2021-11-25 22:53,-20.3297,-40.2925,76.95,79,40,6.91
412,Napasar,IN,2021-11-25 22:53,27.9667,73.55,67.05,24,0,5.46
413,Tabou,CI,2021-11-25 22:53,4.423,-7.3528,80.47,82,47,8.52
414,Grenaa,DK,2021-11-25 22:53,56.4158,10.8783,37.62,67,92,16.51
415,Lufilufi,WS,2021-11-25 22:53,-13.8745,-171.5986,89.38,75,30,15.12
416,Barsovo,RU,2021-11-25 22:53,61.1667,73.1667,-5.67,93,87,9.78
417,Mayumba,GA,2021-11-25 22:53,-3.432,10.6554,75.74,87,62,1.7
418,Marquette,US,2021-11-25 22:53,46.5333,-87.6335,19.67,75,98,13.73
419,Berdigestyakh,RU,2021-11-25 22:53,62.0989,126.6992,-19.55,100,44,2.95
420,Kudahuvadhoo,MV,2021-11-25 22:53,2.6708,72.8944,80.83,71,91,15.84
421,Kermanshah,IR,2021-11-25 22:53,34.3142,47.065,49.59,40,98,2.28
422,Bulancak,TR,2021-11-25 22:53,40.9372,38.2291,47.98,80,82,3.94
423,Henties Bay,NA,2021-11-25 22:50,-22.116,14.2845,59.86,92,0,2.17
424,Severo-Yeniseyskiy,RU,2021-11-25 22:53,60.3725,93.0408,6.31,96,100,2.46
425,Sur,OM,2021-11-25 22:53,22.5667,59.5289,75.83,61,0,3.67
426,Hofn,IS,2021-11-25 22:53,64.2539,-15.2082,32.25,56,0,30.58
427,Severo-Kurilsk,RU,2021-11-25 22:53,50.6789,156.125,35.28,90,97,8.59
428,Acarau,BR,2021-11-25 22:53,-2.8856,-40.12,81.32,75,93,15.7
429,Tokmak,UA,2021-11-25 22:53,47.2514,35.7058,29.28,77,4,7.11
430,Nisia Floresta,BR,2021-11-25 22:53,-6.0911,-35.2086,82.78,83,34,7.18
431,Santa Lucia,ES,2021-11-25 22:53,27.9117,-15.5407,58.32,74,75,3.44
432,Nome,US,2021-11-25 22:53,64.5011,-165.4064,-12.84,79,28,4.56
433,Garmsar,IR,2021-11-25 22:53,35.2182,52.3409,54.7,36,85,4.83
434,Makat,KZ,2021-11-25 22:53,47.6469,53.3463,28.85,72,4,8.39
435,Ozorkow,PL,2021-11-25 22:53,51.9634,19.2914,37.96,87,49,12.03
436,Mikkeli,FI,2021-11-25 22:53,61.6886,27.2723,28.51,100,90,3.44
437,Svetlaya,RU,2021-11-25 22:53,46.5389,138.3297,23.16,69,81,10.96
438,Mbanza-Ngungu,CD,2021-11-25 22:53,-5.25,14.8667,65.08,96,100,1.72
439,Mount Isa,AU,2021-11-25 22:53,-20.7333,139.5,76.77,50,64,14.97
440,Ponta Do Sol,PT,2021-11-25 22:52,32.6667,-17.1,65.71,68,100,6.42
441,Vestmannaeyjar,IS,2021-11-25 22:53,63.4427,-20.2734,33.89,68,4,26.4
442,Kirakira,SB,2021-11-25 22:53,-10.4544,161.9205,85.77,68,93,6.4
443,Bitung,ID,2021-11-25 22:53,1.4451,125.1824,76.05,81,100,1.19
444,Comodoro Rivadavia,AR,2021-11-25 22:53,-45.8667,-67.5,69.66,30,0,8.05
445,Nagornyy,RU,2021-11-25 22:53,52.7959,83.5498,15.15,87,100,12.77
446,Mackay,AU,2021-11-25 22:53,-21.15,149.2,83.05,78,40,5.75
447,Manakara,MG,2021-11-25 22:53,-22.1333,48.0167,70.47,87,100,9.1
448,Narsaq,GL,2021-11-25 22:53,60.9167,-46.05,37.06,99,100,7.05
449,Pangnirtung,CA,2021-11-25 22:53,66.1451,-65.7125,26.6,74,90,6.91
450,Agadez,NE,2021-11-25 22:53,19.75,10.25,73.62,20,1,7.52
451,Esna,EG,2021-11-25 22:53,25.2934,32.554,62.62,34,23,7.49
452,Kamaishi,JP,2021-11-25 22:53,39.2667,141.8833,40.15,79,57,11.3
453,Dese,ET,2021-11-25 22:54,11.1333,39.6333,48.56,60,15,2.57
454,Andenes,NO,2021-11-25 22:54,69.3143,16.1194,24.78,86,90,11.5
455,Paciran,ID,2021-11-25 22:54,-6.8767,112.3761,79.34,83,100,8.23
456,Luena,AO,2021-11-25 22:54,-11.7833,19.9167,61.05,97,86,3.18
457,Raga,SS,2021-11-25 22:54,8.4596,25.678,72.52,25,5,4.14
458,Shache,CN,2021-11-25 22:54,38.4167,77.2406,30.9,41,8,2.66
459,Tateyama,JP,2021-11-25 22:54,34.9833,139.8667,54.01,61,0,8.59
460,Beloha,MG,2021-11-25 22:54,-25.1667,45.05,67.73,55,86,10.71
461,Lakes Entrance,AU,2021-11-25 22:54,-37.8811,147.981,58.57,87,100,17.49
462,Haines Junction,CA,2021-11-25 22:54,60.7522,-137.5108,3.15,72,100,3.44
463,Qiongshan,CN,2021-11-25 22:50,20.0058,110.3542,62.58,100,75,2.24
464,Teguldet,RU,2021-11-25 22:54,57.3064,88.1667,11.21,90,100,8.14
465,Abadszalok,HU,2021-11-25 22:54,47.4667,20.6,40.98,77,47,5.46
466,Monrovia,LR,2021-11-25 22:54,6.3005,-10.7969,80.92,77,18,5.21
467,Morro Bay,US,2021-11-25 22:54,35.3658,-120.8499,77.25,37,6,4
468,Niksar,TR,2021-11-25 22:54,40.5917,36.9517,42.28,97,86,4.56
469,Magadan,RU,2021-11-25 22:54,59.5667,150.8,-12.48,75,16,12.95
470,Otorohanga,NZ,2021-11-25 22:54,-38.1833,175.2,75.54,41,4,5.66
471,La Tuque,CA,2021-11-25 22:54,47.4334,-72.7824,30.45,93,100,0
472,Huntingdon,GB,2021-11-25 22:50,52.3305,-0.1865,38.79,85,100,3
473,Lundazi,ZM,2021-11-25 22:54,-12.2929,33.1782,66.65,89,73,9.84
474,Palmer,US,2021-11-25 22:54,42.1584,-72.3287,46.27,64,40,0
475,Samarai,PG,2021-11-25 22:54,-10.6167,150.6667,84.63,71,96,12.77
476,Manado,ID,2021-11-25 22:53,1.487,124.8455,75.97,100,40,0
477,Tadine,NC,2021-11-25 22:54,-21.55,167.8833,79.27,75,29,13.51
478,Santa Cruz Cabralia,BR,2021-11-25 22:54,-16.2781,-39.0247,75.43,78,20,6.91
479,Esperance,AU,2021-11-25 22:54,-33.8667,121.9,58.84,70,83,9.01
480,Rio Hato,PA,2021-11-25 22:54,8.3833,-80.1667,77.79,94,75,4.61
481,Guarapari,BR,2021-11-25 22:54,-20.6667,-40.4975,76.89,81,32,5.28
482,Nizhnevartovsk,RU,2021-11-25 22:54,60.9344,76.5531,-0.38,92,90,4.47
483,Richards Bay,ZA,2021-11-25 22:54,-28.783,32.0377,65.75,73,100,5.41
484,Lasa,IT,2021-11-25 22:54,46.6166,10.7002,42.26,96,100,1.12
485,Bentiu,SS,2021-11-25 22:54,9.2333,29.8333,74.01,26,51,5.19
486,Nanortalik,GL,2021-11-25 22:54,60.1432,-45.2371,38.79,96,100,8.86
487,Half Moon Bay,US,2021-11-25 22:54,37.4636,-122.4286,70.7,47,1,0
488,Malakal,SS,2021-11-25 22:54,9.5334,31.6605,76.57,24,23,5.44
489,Bay Saint Louis,US,2021-11-25 22:54,30.3088,-89.33,70.05,79,90,4.61
490,Kaeo,NZ,2021-11-25 22:50,-35.1,173.7833,67.42,62,74,5.86
491,Port Blair,IN,2021-11-25 22:53,11.6667,92.75,78.08,84,97,1.79
492,Sosnovo-Ozerskoye,RU,2021-11-25 22:54,52.5249,111.5418,6.33,94,92,1.81
493,Izumo,JP,2021-11-25 22:54,35.3667,132.7667,51.75,62,20,6.91
494,Mbandaka,CD,2021-11-25 22:54,0.0487,18.2603,71.87,92,98,3.65
495,Suntar,RU,2021-11-25 22:54,62.1444,117.6319,-7.38,100,85,3.71
496,Lorengau,PG,2021-11-25 22:54,-2.0226,147.2712,84.45,67,89,5.17
497,Ust-Kuyga,RU,2021-11-25 22:54,70.0167,135.6,-23.66,96,99,8.57
498,Pirgos,GR,2021-11-25 22:54,35.1167,25.7178,59.63,73,88,1.74
499,Martapura,ID,2021-11-25 22:54,-3.4167,114.85,76.01,94,100,0.92
500,Rantauprapat,ID,2021-11-25 22:54,2.1,99.8333,73.71,98,100,1.99
501,Karambakkudi,IN,2021-11-25 22:55,10.4667,79.1333,75.6,97,100,11.23
502,Bilibino,RU,2021-11-25 22:55,68.0546,166.4372,-26.84,98,97,3.56
503,Darhan,MN,2021-11-25 22:55,49.4867,105.9228,16.79,84,20,8.86
504,Antalaha,MG,2021-11-25 22:55,-14.9003,50.2788,71.55,88,45,4
505,San Pedro,PH,2021-11-25 22:55,14.35,121.0167,79.83,86,75,3.44
506,Calama,CL,2021-11-25 22:55,-22.4667,-68.9333,73.89,6,47,27.63
507,Kathu,TH,2021-11-25 22:55,7.9178,98.3332,76.82,80,99,5.44
508,Monticello,US,2021-11-25 22:55,45.3055,-93.7941,21.67,45,1,6.91
509,Rio Grande,BR,2021-11-25 22:55,-32.035,-52.0986,68.49,94,91,10.09
510,Ionesti,RO,2021-11-25 22:55,44.85,24.2333,36.91,80,5,3.51
511,Novoagansk,RU,2021-11-25 22:55,61.9449,76.6625,-1.05,97,81,8.66
512,Kijang,KR,2021-11-25 22:55,35.2442,129.2139,40.73,50,0,5.37
513,Papara,BR,2021-11-25 22:55,-3.9839,-38.7273,82.72,78,59,3.85
514,San Rafael,AR,2021-11-25 22:51,-34.6177,-68.3301,81.46,26,0,12.66
515,Delta Del Tigre,UY,2021-11-25 22:55,-34.7633,-56.3853,66.31,100,90,9.22
516,Mgandu,TZ,2021-11-25 22:55,-5.95,34.1333,65.16,76,99,0.94
517,Faxinal,BR,2021-11-25 22:55,-24.0003,-51.3194,73.85,57,81,5.1
518,Batagay-Alyta,RU,2021-11-25 22:55,67.8006,130.4114,-22.25,79,99,2.26
519,San Policarpo,PH,2021-11-25 22:55,12.1791,125.5072,81.91,83,99,8.5
520,Natal,BR,2021-11-25 22:55,-5.795,-35.2094,82.62,78,40,10.36
521,Hobyo,SO,2021-11-25 22:55,5.3505,48.5268,80.74,81,45,16.28
522,Drayton Valley,CA,2021-11-25 22:55,53.2168,-114.9854,35.33,88,86,6.29
523,Anadyr,RU,2021-11-25 22:55,64.75,177.4833,-8.9,77,75,8.95
524,Koslan,RU,2021-11-25 22:55,63.4564,48.8989,10.38,96,100,4.32
525,San Quintin,MX,2021-11-25 22:55,30.4833,-115.95,70.75,37,0,4.9
526,Baykit,RU,2021-11-25 22:55,61.67,96.37,6.1,98,100,1.5
527,Aswan,EG,2021-11-25 22:54,24.0934,32.907,69.1,30,0,9.22
528,Limbang,MY,2021-11-25 22:55,4.75,115,79.11,96,100,2.01
529,Praia Da Vitoria,PT,2021-11-25 22:55,38.7333,-27.0667,61.05,82,40,28.68
530,Manta,EC,2021-11-25 22:55,-0.95,-80.7333,78.58,65,0,12.66
531,Santa Juliana,PH,2021-11-25 22:55,15.3283,120.4286,77.14,86,100,0.89
532,Vanimo,PG,2021-11-25 22:55,-2.6741,141.3028,77.04,90,100,7.05
533,Manaus,BR,2021-11-25 22:52,-3.1019,-60.025,84.69,79,40,6.91
534,Abu Zabad,SD,2021-11-25 22:55,12.35,29.25,69.48,17,5,13.6
535,Acapulco,MX,2021-11-25 22:53,16.8634,-99.8901,82.31,72,7,6.4
536,Kachiry,KZ,2021-11-25 22:56,53.0675,76.1036,2.25,96,22,8.3
537,Taitung,TW,2021-11-25 22:56,22.7583,121.1444,68.27,94,75,4.61
538,Tigil,RU,2021-11-25 22:56,57.8,158.6667,5.16,96,66,4.09
539,Ikongo,MG,2021-11-25 22:56,-21.8833,47.4333,65.8,98,100,2.77
540,Monki,PL,2021-11-25 22:56,53.405,22.7979,35.67,74,76,14.56
541,Ixtapa,MX,2021-11-25 22:56,20.7,-105.2,81.23,77,63,7
542,Vao,NC,2021-11-25 22:56,-22.6667,167.4833,75.47,84,33,15.99
543,Susangerd,IR,2021-11-25 22:56,31.5608,48.1831,60.82,43,64,4.56
544,Ashington,GB,2021-11-25 22:56,50.9331,-0.3909,38.82,84,99,1.01
545,Doha,QA,2021-11-25 22:56,25.2867,51.5333,73.38,64,0,6.91
546,Makakilo City,US,2021-11-25 22:56,21.3469,-158.0858,82.62,65,8,9.95
547,Sinazongwe,ZM,2021-11-25 22:57,-17.2614,27.4618,78.78,71,73,18.19
548,Seydi,TM,2021-11-25 22:57,39.4816,62.9137,37.6,59,100,11.03
549,Ariquemes,BR,2021-11-25 22:57,-9.9133,-63.0408,75.76,95,100,1.61
550,Auki,SB,2021-11-25 22:57,-8.7676,160.7034,82.92,74,86,0.76
